match_id,participantId,skillSlot,time_stamp
KR_5372684240,7,2,31440
KR_5372684240,3,3,42767
KR_5372684240,2,3,45546
KR_5372684240,6,1,47698
KR_5372684240,8,2,48926
KR_5372684240,4,1,62784
KR_5372684240,10,2,85788
KR_5372684240,1,1,100036
KR_5372684240,7,1,108275
KR_5372684240,9,1,110785
KR_5372684240,5,1,115939
KR_5372684240,2,1,122545
KR_5372684240,8,3,128531
KR_5372684240,3,2,130716
KR_5372684240,7,3,139352
KR_5372684240,5,3,139816
KR_5372684240,4,2,140578
KR_5372684240,9,3,149669
KR_5372684240,6,2,151553
KR_5372684240,10,1,154199
KR_5372684240,8,1,163915
KR_5372684240,1,1,164902
KR_5372684240,1,3,164968
KR_5372684240,3,1,166254
KR_5372684240,2,2,172281
KR_5372684240,6,3,175924
KR_5372684240,7,1,199352
KR_5372684240,4,1,199384
KR_5372684240,5,2,200576
KR_5372684240,3,2,206667
KR_5372684240,8,1,216410
KR_5372684240,6,1,219187
KR_5372684240,9,2,235959
KR_5372684240,3,2,261489
KR_5372684240,1,2,269212
KR_5372684240,2,2,269609
KR_5372684240,7,1,272191
KR_5372684240,9,1,275698
KR_5372684240,8,1,299164
KR_5372684240,1,1,307775
KR_5372684240,5,1,313119
KR_5372684240,10,3,318347
KR_5372684240,4,3,319704
KR_5372684240,6,1,322980
KR_5372684240,3,4,341820
KR_5372684240,2,2,346848
KR_5372684240,8,4,347709
KR_5372684240,9,1,352608
KR_5372684240,1,4,371442
KR_5372684240,5,1,378860
KR_5372684240,4,1,379359
KR_5372684240,3,2,387103
KR_5372684240,7,4,401563
KR_5372684240,9,4,409839
KR_5372684240,6,2,421419
KR_5372684240,2,4,423437
KR_5372684240,10,2,441171
KR_5372684240,7,1,457952
KR_5372684240,4,4,461741
KR_5372684240,3,1,467486
KR_5372684240,2,2,483047
KR_5372684240,8,1,501028
KR_5372684240,6,1,502021
KR_5372684240,9,1,506684
KR_5372684240,1,1,528341
KR_5372684240,3,2,537307
KR_5372684240,10,2,539486
KR_5372684240,7,2,545821
KR_5372684240,5,4,546643
KR_5372684240,1,3,583114
KR_5372684240,4,1,593515
KR_5372684240,8,3,624825
KR_5372684240,2,1,628504
KR_5372684240,9,3,631615
KR_5372684240,7,1,631913
KR_5372684240,6,2,648512
KR_5372684240,4,3,678959
KR_5372684240,10,4,695663
KR_5372684240,5,3,715500
KR_5372684240,3,1,716060
KR_5372684240,2,2,720614
KR_5372684240,7,2,722662
KR_5372684240,9,1,755012
KR_5372684240,10,2,768720
KR_5372684240,1,1,773789
KR_5372684240,4,1,773888
KR_5372684240,8,1,784576
KR_5372684240,3,4,822118
KR_5372684240,5,3,841808
KR_5372684240,2,1,859123
KR_5372684240,6,1,860345
KR_5372684240,4,3,868177
KR_5372684240,8,3,868707
KR_5372684240,1,3,891952
KR_5372684240,7,4,899233
KR_5372684240,9,3,903511
KR_5372684240,6,2,913403
KR_5372684240,5,3,964399
KR_5372684240,8,4,968228
KR_5372684240,10,3,977371
KR_5372684240,2,4,987935
KR_5372684240,4,4,993797
KR_5372684240,3,1,1000317
KR_5372684240,1,4,1051985
KR_5372684240,6,1,1072935
KR_5372684240,5,3,1097697
KR_5372684240,2,1,1100172
KR_5372684240,8,3,1110072
KR_5372684240,7,2,1114249
KR_5372684240,10,2,1114316
KR_5372684240,4,3,1118677
KR_5372684240,3,1,1135326
KR_5372684240,9,4,1146671
KR_5372684240,6,2,1156172
KR_5372684240,2,1,1167048
KR_5372684240,1,3,1177012
KR_5372684240,1,3,1239030
KR_5372684240,10,3,1240977
KR_5372684240,4,3,1243747
KR_5372684240,6,2,1274131
KR_5372684240,7,2,1276350
KR_5383732677,6,2,27022
KR_5383732677,4,3,32978
KR_5383732677,7,3,87219
KR_5383732677,10,1,87450
KR_5383732677,3,3,88774
KR_5383732677,5,1,89530
KR_5383732677,2,2,89530
KR_5383732677,8,2,89662
KR_5383732677,1,2,95285
KR_5383732677,9,1,98016
KR_5383732677,7,2,107608
KR_5383732677,2,1,107805
KR_5383732677,3,1,124190
KR_5383732677,6,3,132660
KR_5383732677,8,1,136282
KR_5383732677,7,1,140719
KR_5383732677,9,3,146588
KR_5383732677,10,2,147047
KR_5383732677,2,3,153788
KR_5383732677,1,3,155729
KR_5383732677,4,1,165311
KR_5383732677,5,3,165705
KR_5383732677,6,1,166330
KR_5383732677,3,1,167485
KR_5383732677,8,3,167518
KR_5383732677,1,1,181779
KR_5383732677,3,2,196296
KR_5383732677,6,1,198339
KR_5383732677,5,2,207183
KR_5383732677,4,2,207612
KR_5383732677,2,1,212145
KR_5383732677,1,1,213260
KR_5383732677,7,2,217500
KR_5383732677,8,1,221655
KR_5383732677,10,3,249682
KR_5383732677,9,2,254065
KR_5383732677,8,1,279008
KR_5383732677,6,1,281678
KR_5383732677,3,1,287906
KR_5383732677,5,2,294228
KR_5383732677,4,3,294822
KR_5383732677,10,1,295150
KR_5383732677,9,1,297422
KR_5383732677,2,1,299759
KR_5383732677,1,1,324187
KR_5383732677,7,2,339264
KR_5383732677,6,4,349072
KR_5383732677,3,4,364442
KR_5383732677,8,4,369510
KR_5383732677,1,4,371217
KR_5383732677,4,3,377898
KR_5383732677,9,1,392751
KR_5383732677,1,1,403330
KR_5383732677,5,2,407084
KR_5383732677,4,4,415879
KR_5383732677,2,4,421750
KR_5383732677,6,1,440947
KR_5383732677,8,1,444971
KR_5383732677,3,1,473669
KR_5383732677,1,3,480421
KR_5383732677,5,4,494859
KR_5383732677,10,1,495518
KR_5383732677,4,3,497197
KR_5383732677,9,4,501614
KR_5383732677,2,1,519574
KR_5383732677,7,4,520731
KR_5383732677,6,3,525568
KR_5383732677,8,2,534090
KR_5383732677,3,3,572811
KR_5383732677,4,1,574456
KR_5383732677,7,2,601076
KR_5383732677,9,1,602553
KR_5383732677,2,3,608383
KR_5383732677,10,4,619441
KR_5383732677,1,1,627752
KR_5383732677,5,2,636604
KR_5383732677,8,1,640860
KR_5383732677,6,1,642471
KR_5383732677,4,3,664912
KR_5383732677,3,1,703402
KR_5383732677,2,1,711164
KR_5383732677,1,3,711657
KR_5383732677,9,3,730956
KR_5383732677,8,2,732898
KR_5383732677,10,1,755430
KR_5383732677,7,3,767082
KR_5383732677,3,3,795618
KR_5383732677,4,1,796800
KR_5383732677,6,3,802817
KR_5383732677,2,3,822861
KR_5383732677,5,3,867119
KR_5383732677,7,2,871584
KR_5383732677,1,4,884587
KR_5383732677,8,4,888476
KR_5383732677,4,4,888871
KR_5383732677,6,4,894933
KR_5383732677,3,4,906575
KR_5368920426,4,1,8482
KR_5368920426,9,1,18855
KR_5368920426,7,1,35734
KR_5368920426,3,1,44817
KR_5368920426,10,1,53437
KR_5368920426,5,1,68639
KR_5368920426,8,1,81491
KR_5368920426,1,1,82417
KR_5368920426,2,2,84101
KR_5368920426,6,3,111221
KR_5368920426,2,1,114591
KR_5368920426,8,2,116704
KR_5368920426,7,2,124565
KR_5368920426,3,3,130147
KR_5368920426,1,3,133020
KR_5368920426,6,1,154890
KR_5368920426,2,3,156905
KR_5368920426,8,3,164338
KR_5368920426,3,2,164800
KR_5368920426,1,1,169522
KR_5368920426,10,3,179931
KR_5368920426,9,1,183599
KR_5368920426,6,2,187859
KR_5368920426,5,3,200117
KR_5368920426,4,2,201141
KR_5368920426,8,1,202363
KR_5368920426,1,2,203915
KR_5368920426,6,1,217265
KR_5368920426,3,1,223343
KR_5368920426,10,2,229917
KR_5368920426,9,1,230479
KR_5368920426,2,1,230545
KR_5368920426,7,3,237714
KR_5368920426,8,1,260078
KR_5368920426,1,1,260837
KR_5368920426,4,3,262655
KR_5368920426,5,2,271775
KR_5368920426,6,1,285649
KR_5368920426,3,1,292288
KR_5368920426,7,1,293279
KR_5368920426,4,1,313963
KR_5368920426,2,1,318652
KR_5368920426,10,1,337316
KR_5368920426,9,3,340156
KR_5368920426,1,2,353466
KR_5368920426,5,2,362584
KR_5368920426,3,4,365919
KR_5368920426,7,1,385775
KR_5368920426,8,4,394896
KR_5368920426,4,1,414687
KR_5368920426,7,4,423176
KR_5368920426,9,1,439559
KR_5368920426,6,4,440385
KR_5368920426,2,4,442333
KR_5368920426,10,1,447025
KR_5368920426,8,1,459545
KR_5368920426,1,1,461361
KR_5368920426,3,1,465027
KR_5368920426,4,4,508365
KR_5368920426,5,2,521906
KR_5368920426,1,2,531916
KR_5368920426,6,1,534756
KR_5368920426,7,1,540041
KR_5368920426,8,3,553954
KR_5368920426,3,3,562147
KR_5368920426,9,3,592964
KR_5368920426,2,1,596730
KR_5368920426,7,3,599935
KR_5368920426,4,1,619426
KR_5368920426,8,1,636974
KR_5368920426,1,1,641502
KR_5368920426,5,4,650195
KR_5368920426,6,3,653069
KR_5368920426,2,2,673918
KR_5368920426,4,2,679733
KR_5368920426,10,4,682969
KR_5368920426,9,1,712075
KR_5368920426,3,1,718355
KR_5368920426,7,1,719181
KR_5368920426,1,2,721097
KR_5368920426,6,1,750366
KR_5368920426,8,3,769327
KR_5368920426,4,1,801739
KR_5368920426,5,2,815282
KR_5368920426,3,3,822846
KR_5368920426,10,3,824498
KR_5368920426,1,1,839725
KR_5368920426,9,3,848346
KR_5368920426,6,3,857264
KR_5368920426,2,1,866413
KR_5368920426,8,4,884648
KR_5368920426,6,4,923406
KR_5368920426,5,3,929022
KR_5368920426,4,2,934934
KR_5368920426,2,2,944547
KR_5368920426,3,4,946300
KR_5368920426,7,3,954527
KR_5368920426,10,3,1005966
KR_5368920426,9,1,1016438
KR_5368920426,8,3,1032203
KR_5368920426,2,4,1032865
KR_5368920426,1,2,1065203
KR_5368920426,7,4,1071876
KR_5368920426,4,4,1093314
KR_5368920426,5,2,1134079
KR_5368920426,6,3,1143668
KR_5368920426,9,3,1155957
KR_5368920426,10,3,1175053
KR_5368920426,3,3,1195103
KR_5368920426,2,2,1198306
KR_5368920426,1,2,1209706
KR_5383227155,9,1,24468
KR_5383227155,6,3,48100
KR_5383227155,7,1,55289
KR_5383227155,1,1,59098
KR_5383227155,2,3,88100
KR_5383227155,4,1,89125
KR_5383227155,8,1,89192
KR_5383227155,5,1,89721
KR_5383227155,10,1,102519
KR_5383227155,3,2,103544
KR_5383227155,2,1,110963
KR_5383227155,7,2,112889
KR_5383227155,1,2,137205
KR_5383227155,9,1,141905
KR_5383227155,3,3,155938
KR_5383227155,4,2,157597
KR_5383227155,5,3,157895
KR_5383227155,10,2,159321
KR_5383227155,1,3,167143
KR_5383227155,6,1,167674
KR_5383227155,8,3,179453
KR_5383227155,7,3,181539
KR_5383227155,3,1,192558
KR_5383227155,1,1,197966
KR_5383227155,10,1,203674
KR_5383227155,4,1,205934
KR_5383227155,5,2,206034
KR_5383227155,8,2,220717
KR_5383227155,2,2,229394
KR_5383227155,9,1,234957
KR_5383227155,6,2,237076
KR_5383227155,6,1,258322
KR_5383227155,3,2,267617
KR_5383227155,7,1,279690
KR_5383227155,1,1,284227
KR_5383227155,4,3,285483
KR_5383227155,8,1,297025
KR_5383227155,2,2,314517
KR_5383227155,5,2,323905
KR_5383227155,10,3,329069
KR_5383227155,8,1,332607
KR_5383227155,9,2,336055
KR_5383227155,4,1,345554
KR_5383227155,6,1,345983
KR_5383227155,7,1,356216
KR_5383227155,3,2,356646
KR_5383227155,1,2,363889
KR_5383227155,10,1,375393
KR_5383227155,5,2,396669
KR_5383227155,1,1,396834
KR_5383227155,3,4,398914
KR_5383227155,9,1,425297
KR_5383227155,10,4,435884
KR_5383227155,8,4,438624
KR_5383227155,2,2,440442
KR_5383227155,6,4,453916
KR_5383227155,7,4,463362
KR_5383227155,4,4,473411
KR_5383227155,5,4,476623
KR_5383227155,2,4,495350
KR_5383227155,3,2,498556
KR_5383227155,9,3,505519
KR_5383227155,1,2,526104
KR_5383227155,8,1,551563
KR_5383227155,7,1,556418
KR_5383227155,4,1,569462
KR_5383227155,6,1,576618
KR_5383227155,10,1,577047
KR_5383227155,9,1,580318
KR_5383227155,3,1,583825
KR_5383227155,2,2,607293
KR_5383227155,1,1,625471
KR_5383227155,3,2,629307
KR_5383227155,8,3,640924
KR_5383227155,6,3,651969
KR_5383227155,5,2,664176
KR_5383227155,4,3,679997
KR_5383227155,2,1,684823
KR_5383227155,9,3,713483
KR_5383227155,7,2,734794
KR_5383227155,6,1,737940
KR_5383227155,1,2,750706
KR_5383227155,2,2,758030
KR_5383227155,10,2,770378
KR_5383227155,8,1,771273
KR_5383227155,4,1,782240
KR_5383227155,5,3,844398
KR_5383227155,9,1,850944
KR_5383227155,6,3,856907
KR_5383227155,7,1,890161
KR_5383227155,8,3,892347
KR_5383227155,3,1,913444
KR_5383227155,4,3,925580
KR_5383227155,1,1,937432
KR_5383227155,2,1,939751
KR_5383227155,5,2,946181
KR_5383227155,4,4,976062
KR_5383227155,3,4,980294
KR_5383227155,9,3,994833
KR_5383227155,7,2,995461
KR_5383227155,10,1,1028366
KR_5383227155,8,4,1038918
KR_5383227155,6,4,1039713
KR_5383227155,1,2,1060868
KR_5383227155,9,3,1098332
KR_5383227155,4,3,1103764
KR_5383227155,7,4,1123453
KR_5383227155,2,4,1137552
KR_5383227155,8,3,1154137
KR_5383227155,1,2,1185627
KR_5383227155,5,3,1197477
KR_5383227155,4,3,1222330
KR_5383227155,2,1,1243085
KR_5383227155,8,3,1257634
KR_5383227155,3,1,1271111
KR_5383227155,10,2,1273794
KR_5383227155,9,3,1274025
KR_5383227155,1,3,1292067
KR_5383227155,5,4,1297860
KR_5383227155,4,2,1336140
KR_5363269757,4,1,11253
KR_5363269757,9,1,27108
KR_5363269757,3,2,27174
KR_5363269757,2,1,44350
KR_5363269757,7,1,59874
KR_5363269757,8,3,63156
KR_5363269757,5,1,78417
KR_5363269757,10,1,81820
KR_5363269757,6,3,92756
KR_5363269757,3,1,101443
KR_5363269757,7,2,103689
KR_5363269757,1,2,107024
KR_5363269757,8,2,125555
KR_5363269757,2,2,126513
KR_5363269757,9,2,136823
KR_5363269757,10,2,137319
KR_5363269757,6,1,140063
KR_5363269757,3,3,144654
KR_5363269757,1,3,149477
KR_5363269757,4,1,157239
KR_5363269757,5,3,164570
KR_5363269757,6,2,168698
KR_5363269757,1,1,186667
KR_5363269757,8,1,187525
KR_5363269757,6,2,198655
KR_5363269757,10,3,199184
KR_5363269757,9,3,199514
KR_5363269757,2,3,205260
KR_5363269757,5,2,208266
KR_5363269757,1,1,218869
KR_5363269757,7,3,223229
KR_5363269757,2,1,246487
KR_5363269757,8,1,249129
KR_5363269757,4,1,254381
KR_5363269757,5,2,257749
KR_5363269757,7,1,265182
KR_5363269757,6,2,272813
KR_5363269757,9,1,285399
KR_5363269757,8,1,309355
KR_5363269757,1,1,311932
KR_5363269757,10,1,321876
KR_5363269757,3,2,331754
KR_5363269757,2,1,336247
KR_5363269757,9,1,345761
KR_5363269757,6,4,347877
KR_5363269757,4,2,355874
KR_5363269757,5,2,369220
KR_5363269757,1,4,383890
KR_5363269757,8,4,385477
KR_5363269757,10,1,401867
KR_5363269757,7,1,405070
KR_5363269757,9,4,428630
KR_5363269757,2,4,433353
KR_5363269757,8,1,434641
KR_5363269757,3,2,451185
KR_5363269757,6,2,477089
KR_5363269757,4,1,482540
KR_5363269757,2,1,501933
KR_5363269757,1,1,507316
KR_5363269757,8,2,515606
KR_5363269757,7,4,527601
KR_5363269757,5,4,545090
KR_5363269757,3,4,545454
KR_5363269757,9,1,556188
KR_5363269757,4,2,560681
KR_5363269757,6,3,574356
KR_5363269757,2,2,590384
KR_5363269757,10,4,600820
KR_5363269757,8,1,623548
KR_5363269757,7,1,633260
KR_5363269757,1,3,651368
KR_5363269757,6,2,662186
KR_5363269757,5,2,674839
KR_5363269757,3,3,689374
KR_5363269757,10,1,695915
KR_5363269757,9,2,701298
KR_5363269757,6,3,727532
KR_5363269757,2,1,733543
KR_5363269757,7,2,738497
KR_5363269757,3,3,747947
KR_5363269757,8,2,749178
KR_5363269757,4,1,772008
KR_5363269757,1,1,782754
KR_5363269757,7,1,807633
KR_5363269757,9,1,811959
KR_5363269757,10,2,828547
KR_5363269757,5,3,848204
KR_5363269757,6,4,854515
KR_5363269757,8,4,854581
KR_5363269757,10,1,867669
KR_5363269757,7,2,881540
KR_5363269757,3,3,898155
KR_5363269757,1,3,902927
KR_5363269757,9,2,905437
KR_5372271828,7,3,15549
KR_5372271828,4,1,31659
KR_5372271828,10,1,42154
KR_5372271828,3,1,47626
KR_5372271828,9,1,90070
KR_5372271828,2,2,90900
KR_5372271828,1,1,97804
KR_5372271828,6,3,107733
KR_5372271828,7,1,112689
KR_5372271828,5,3,116274
KR_5372271828,8,2,117967
KR_5372271828,2,1,124476
KR_5372271828,1,2,128765
KR_5372271828,3,3,135599
KR_5372271828,6,1,148159
KR_5372271828,9,3,148957
KR_5372271828,10,3,149455
KR_5372271828,2,3,159488
KR_5372271828,1,3,166435
KR_5372271828,8,1,167529
KR_5372271828,4,2,168856
KR_5372271828,3,1,169221
KR_5372271828,5,2,169255
KR_5372271828,8,3,174204
KR_5372271828,6,2,186871
KR_5372271828,1,1,199719
KR_5372271828,9,2,205234
KR_5372271828,3,2,210749
KR_5372271828,7,2,213674
KR_5372271828,6,1,224336
KR_5372271828,5,1,225132
KR_5372271828,4,3,225266
KR_5372271828,10,3,228726
KR_5372271828,8,2,247478
KR_5372271828,3,1,253752
KR_5372271828,6,1,265040
KR_5372271828,7,1,269760
KR_5372271828,1,1,283273
KR_5372271828,8,2,283471
KR_5372271828,2,3,290006
KR_5372271828,9,1,294557
KR_5372271828,6,4,304154
KR_5372271828,4,1,333225
KR_5372271828,10,1,340163
KR_5372271828,3,2,350299
KR_5372271828,7,1,362725
KR_5372271828,5,2,365482
KR_5372271828,8,4,368403
KR_5372271828,9,1,368703
KR_5372271828,2,3,396540
KR_5372271828,1,4,400929
KR_5372271828,7,4,413718
KR_5372271828,3,1,422408
KR_5372271828,1,1,427293
KR_5372271828,6,1,457002
KR_5372271828,4,1,460789
KR_5372271828,8,2,487614
KR_5372271828,2,4,492275
KR_5372271828,9,4,496430
KR_5372271828,7,1,508942
KR_5372271828,3,2,518447
KR_5372271828,5,2,523557
KR_5372271828,1,3,527854
KR_5372271828,10,3,529617
KR_5372271828,6,3,554857
KR_5372271828,10,4,557347
KR_5372271828,2,3,572820
KR_5372271828,3,1,573453
KR_5372271828,8,1,607055
KR_5372271828,7,3,615789
KR_5372271828,4,4,615921
KR_5372271828,9,1,628972
KR_5372271828,1,1,641585
KR_5372271828,6,1,661183
KR_5372271828,5,4,664636
KR_5372271828,2,2,664869
KR_5372271828,7,1,689354
KR_5372271828,10,3,691479
KR_5372271828,3,2,731210
KR_5372271828,1,3,736447
KR_5372271828,4,1,746527
KR_5372271828,8,2,758910
KR_5372271828,9,3,762964
KR_5372271828,1,4,814491
KR_5372271828,2,3,818016
KR_5372271828,4,2,825084
KR_5372271828,5,2,840012
KR_5372271828,3,1,840641
KR_5372271828,6,3,872526
KR_5372271828,8,1,883385
KR_5372271828,7,3,896354
KR_5372271828,10,1,904110
KR_5372271828,1,3,909657
KR_5372271828,9,1,920011
KR_5372271828,4,1,920375
KR_5372271828,2,2,937144
KR_5372271828,5,3,999821
KR_5372271828,4,2,1000386
KR_5372271828,3,2,1001383
KR_5372271828,7,4,1037599
KR_5372271828,1,3,1053674
KR_5372271828,8,4,1055068
KR_5372271828,2,4,1056395
KR_5372271828,6,4,1060150
KR_5372271828,3,2,1109579
KR_5372271828,10,3,1113563
KR_5372514513,4,1,10286
KR_5372514513,5,1,30307
KR_5372514513,10,1,35956
KR_5372514513,2,2,38499
KR_5372514513,9,1,54484
KR_5372514513,7,1,76517
KR_5372514513,8,2,82232
KR_5372514513,3,3,83223
KR_5372514513,6,3,90654
KR_5372514513,7,2,108492
KR_5372514513,2,1,110872
KR_5372514513,1,3,113845
KR_5372514513,3,1,123127
KR_5372514513,8,1,138687
KR_5372514513,9,3,140635
KR_5372514513,1,2,141197
KR_5372514513,7,3,144469
KR_5372514513,4,2,144767
KR_5372514513,10,3,145229
KR_5372514513,5,2,147511
KR_5372514513,6,1,156497
KR_5372514513,8,3,161484
KR_5372514513,2,3,163366
KR_5372514513,1,1,166570
KR_5372514513,6,2,187552
KR_5372514513,5,3,206317
KR_5372514513,3,2,206912
KR_5372514513,4,3,209653
KR_5372514513,1,2,212198
KR_5372514513,9,2,222403
KR_5372514513,6,2,222602
KR_5372514513,7,1,224552
KR_5372514513,8,1,228218
KR_5372514513,10,2,237698
KR_5372514513,2,1,246653
KR_5372514513,3,3,257056
KR_5372514513,1,2,268551
KR_5372514513,6,2,287283
KR_5372514513,8,1,290653
KR_5372514513,4,1,297558
KR_5372514513,9,1,299045
KR_5372514513,1,4,309979
KR_5372514513,3,3,324584
KR_5372514513,5,1,327723
KR_5372514513,6,4,335324
KR_5372514513,2,1,349534
KR_5372514513,10,1,360803
KR_5372514513,7,1,364205
KR_5372514513,8,4,373554
KR_5372514513,4,1,393080
KR_5372514513,9,1,406891
KR_5372514513,1,2,414458
KR_5372514513,5,1,420280
KR_5372514513,6,2,428740
KR_5372514513,3,4,431351
KR_5372514513,2,4,440468
KR_5372514513,10,1,449192
KR_5372514513,8,1,488078
KR_5372514513,1,3,496966
KR_5372514513,4,4,498981
KR_5372514513,6,3,507869
KR_5372514513,5,4,522701
KR_5372514513,10,4,536101
KR_5372514513,2,1,541620
KR_5372514513,3,3,543999
KR_5372514513,9,4,544198
KR_5372514513,7,4,549944
KR_5372514513,8,2,557710
KR_5372514513,9,1,591964
KR_5372514513,4,1,612908
KR_5372514513,7,1,615518
KR_5372514513,1,2,617566
KR_5372514513,3,1,628806
KR_5372514513,6,2,639114
KR_5372514513,10,3,650381
KR_5372514513,2,3,660229
KR_5372514513,8,1,673904
KR_5372514513,5,1,693989
KR_5372514513,4,2,708459
KR_5372514513,9,3,720782
KR_5372514513,6,3,724780
KR_5372514513,1,3,728878
KR_5372514513,3,3,729341
KR_5372514513,8,2,755945
KR_5372514513,7,3,766155
KR_5372514513,7,1,820471
KR_5372514513,2,1,831834
KR_5372514513,4,1,841121
KR_5372514513,3,1,845351
KR_5372514513,6,4,848324
KR_5372514513,7,3,872540
KR_5372514513,1,4,873630
KR_5372514513,9,1,880043
KR_5372514513,10,3,905688
KR_5372514513,8,4,932542
KR_5372514513,2,3,954644
KR_5372514513,3,4,959996
KR_5372514513,1,3,967594
KR_5372514513,4,2,986063
KR_5372514513,6,3,995509
KR_5372514513,5,2,996731
KR_5372514513,9,3,1006476
KR_5372514513,8,2,1035982
KR_5372514513,4,4,1062105
KR_5372514513,2,4,1100790
KR_5372514513,3,1,1105183
KR_5372514513,7,4,1149425
KR_5372514513,10,3,1153091
KR_5372514513,9,4,1158842
KR_5372514513,6,3,1159337
KR_5372514513,8,2,1177113
KR_5372514513,1,1,1200137
KR_5372514513,5,1,1201592
KR_5372514513,4,2,1210576
KR_5372514513,2,3,1257558
KR_5372514513,7,3,1263579
KR_5372514513,10,3,1263711
KR_5372514513,9,3,1264537
KR_5372514513,6,1,1265264
KR_5372514513,3,1,1309564
KR_5372514513,9,3,1327400
KR_5372514513,1,1,1341407
KR_5372514513,5,2,1357731
KR_5372514513,8,3,1375803
KR_5372514513,10,4,1394702
KR_5372514513,7,3,1406463
KR_5372514513,4,2,1411714
KR_5372514513,6,1,1423541
KR_5383687714,2,1,6876
KR_5383687714,9,1,28907
KR_5383687714,7,1,29039
KR_5383687714,4,1,32077
KR_5383687714,6,1,54637
KR_5383687714,5,1,60354
KR_5383687714,3,3,63459
KR_5383687714,10,1,91335
KR_5383687714,1,3,102103
KR_5383687714,8,1,103061
KR_5383687714,7,2,104118
KR_5383687714,2,2,110593
KR_5383687714,8,3,128264
KR_5383687714,7,3,134836
KR_5383687714,6,2,142862
KR_5383687714,5,3,143919
KR_5383687714,4,2,144546
KR_5383687714,9,2,146032
KR_5383687714,10,3,146362
KR_5383687714,3,1,146957
KR_5383687714,1,1,152802
KR_5383687714,2,3,155312
KR_5383687714,8,1,158053
KR_5383687714,6,3,168756
KR_5383687714,3,2,171300
KR_5383687714,1,2,193707
KR_5383687714,3,1,193839
KR_5383687714,7,1,223168
KR_5383687714,1,1,229345
KR_5383687714,8,2,229576
KR_5383687714,10,2,234795
KR_5383687714,5,2,237700
KR_5383687714,6,1,239385
KR_5383687714,4,3,242060
KR_5383687714,9,3,263593
KR_5383687714,2,1,267291
KR_5383687714,3,1,276406
KR_5383687714,6,1,284332
KR_5383687714,3,4,303430
KR_5383687714,4,1,304752
KR_5383687714,10,3,312780
KR_5383687714,7,1,318695
KR_5383687714,8,1,319521
KR_5383687714,1,1,321238
KR_5383687714,9,1,340600
KR_5383687714,6,4,347603
KR_5383687714,5,1,359393
KR_5383687714,2,1,361308
KR_5383687714,8,4,371645
KR_5383687714,1,4,392384
KR_5383687714,4,1,398627
KR_5383687714,9,1,402491
KR_5383687714,3,1,409229
KR_5383687714,10,3,409559
KR_5383687714,6,1,412069
KR_5383687714,8,1,462012
KR_5383687714,9,4,467495
KR_5383687714,7,4,470303
KR_5383687714,2,4,492232
KR_5383687714,3,3,494115
KR_5383687714,1,1,494346
KR_5383687714,6,3,503098
KR_5383687714,5,1,504287
KR_5383687714,10,4,520306
KR_5383687714,5,4,527670
KR_5383687714,4,4,533549
KR_5383687714,2,1,553572
KR_5383687714,7,1,577617
KR_5383687714,6,1,581252
KR_5383687714,8,3,583563
KR_5383687714,3,1,591357
KR_5383687714,1,3,620158
KR_5383687714,9,1,621644
KR_5383687714,4,1,644268
KR_5383687714,2,3,653152
KR_5383687714,8,1,662766
KR_5383687714,5,1,667621
KR_5383687714,10,2,667886
KR_5383687714,9,2,713167
KR_5383687714,3,3,735032
KR_5383687714,6,3,738037
KR_5383687714,7,3,738136
KR_5383687714,1,1,739094
KR_5383687714,4,3,760331
KR_5383687714,8,3,806341
KR_5383687714,9,1,811031
KR_5383687714,7,1,826192
KR_5383687714,2,1,840822
KR_5383687714,3,3,841846
KR_5383687714,10,2,859251
KR_5383687714,6,4,867772
KR_5383687714,5,2,869093
KR_5383687714,1,3,871406
KR_5383687714,4,1,880258
KR_5383687714,9,2,912401
KR_5383687714,7,3,945591
KR_5383687714,2,3,949520
KR_5383687714,4,3,961675
KR_5383687714,6,3,1007858
KR_5383687714,8,4,1009808
KR_5383687714,10,2,1009974
KR_5383687714,3,3,1014400
KR_5383687714,7,4,1035347
KR_5383687714,9,4,1040762
KR_5383687714,1,4,1042382
KR_5383687714,4,4,1057711
KR_5383687714,8,3,1059759
KR_5383687714,10,2,1083738
KR_5383687714,7,3,1100782
KR_5383687714,5,1,1108609
KR_5383687714,2,4,1130211
KR_5383687714,3,4,1170087
KR_5383687714,8,3,1188785
KR_5383687714,9,2,1190768
KR_5383687714,4,3,1198229
KR_5383687714,1,3,1207645
KR_5383687714,5,2,1208438
KR_5383687714,6,3,1223242
KR_5383687714,10,3,1230473
KR_5383687714,2,3,1265424
KR_5383687714,4,3,1266514
KR_5383687714,5,4,1267640
KR_5383687714,9,2,1276295
KR_5383687714,7,3,1285019
KR_5383687714,3,2,1290633
KR_5383687714,1,3,1291029
KR_5383687714,6,2,1346363
KR_5383687714,8,2,1350591
KR_5383687714,10,4,1355515
KR_5383687714,7,2,1365555
KR_5383687714,9,3,1397998
KR_5383687714,10,3,1402592
KR_5383687714,3,2,1426770
KR_5383687714,1,2,1427530
KR_5383687714,5,2,1434597
KR_5383687714,4,2,1440609
KR_5383687714,2,3,1460497
KR_5383687714,6,2,1512931
KR_5383687714,7,2,1515409
KR_5383687714,8,2,1549630
KR_5383687714,10,1,1559174
KR_5383687714,4,2,1566274
KR_5382270131,4,1,25110
KR_5382270131,6,1,30229
KR_5382270131,9,1,30559
KR_5382270131,5,1,37397
KR_5382270131,7,2,37992
KR_5382270131,3,2,67797
KR_5382270131,10,1,87627
KR_5382270131,2,1,89709
KR_5382270131,8,1,92187
KR_5382270131,2,2,104844
KR_5382270131,7,1,106066
KR_5382270131,3,1,122293
KR_5382270131,1,2,136695
KR_5382270131,5,3,139073
KR_5382270131,4,2,139634
KR_5382270131,6,3,142443
KR_5382270131,8,3,145217
KR_5382270131,2,3,149147
KR_5382270131,7,3,151294
KR_5382270131,1,1,155853
KR_5382270131,10,3,155985
KR_5382270131,9,1,156447
KR_5382270131,6,1,165962
KR_5382270131,8,2,166161
KR_5382270131,3,3,166987
KR_5382270131,1,3,188795
KR_5382270131,10,2,192164
KR_5382270131,9,1,201874
KR_5382270131,2,1,203295
KR_5382270131,8,1,204550
KR_5382270131,6,2,207424
KR_5382270131,1,1,210001
KR_5382270131,3,2,212512
KR_5382270131,4,3,234712
KR_5382270131,5,2,234811
KR_5382270131,4,1,237684
KR_5382270131,7,1,277320
KR_5382270131,3,2,285180
KR_5382270131,1,1,288978
KR_5382270131,10,3,291290
KR_5382270131,6,1,299514
KR_5382270131,2,1,315476
KR_5382270131,7,1,320198
KR_5382270131,9,2,324988
KR_5382270131,8,1,338859
KR_5382270131,1,4,352271
KR_5382270131,5,1,354154
KR_5382270131,4,1,360461
KR_5382270131,6,2,367132
KR_5382270131,3,4,371525
KR_5382270131,10,3,379946
KR_5382270131,9,1,384536
KR_5382270131,2,4,395600
KR_5382270131,8,4,412811
KR_5382270131,5,1,417538
KR_5382270131,7,4,435515
KR_5382270131,6,1,440540
KR_5382270131,4,4,444239
KR_5382270131,3,2,446684
KR_5382270131,1,1,471160
KR_5382270131,9,3,498514
KR_5382270131,10,4,504030
KR_5382270131,8,1,516879
KR_5382270131,2,1,530062
KR_5382270131,3,1,542818
KR_5382270131,5,4,553189
KR_5382270131,6,2,558838
KR_5382270131,7,1,565412
KR_5382270131,1,2,579220
KR_5382270131,4,1,592696
KR_5382270131,3,2,608055
KR_5382270131,10,3,615884
KR_5382270131,9,1,620342
KR_5382270131,4,1,624866
KR_5382270131,2,3,625857
KR_5382270131,5,1,637352
KR_5382270131,8,3,638178
KR_5382270131,10,2,680203
KR_5382270131,1,1,680269
KR_5382270131,9,3,681955
KR_5382270131,7,3,694572
KR_5382270131,3,1,709707
KR_5382270131,2,1,712713
KR_5382270131,4,3,719187
KR_5382270131,8,1,728074
KR_5382270131,6,1,742645
KR_5382270131,4,1,793959
KR_5382270131,1,2,804398
KR_5382270131,9,1,811567
KR_5382270131,10,3,813650
KR_5382270131,7,1,822966
KR_5382270131,6,2,826071
KR_5382270131,5,2,842422
KR_5382270131,3,4,844668
KR_5382270131,2,3,850481
KR_5382270131,4,3,884732
KR_5382270131,3,1,904858
KR_5382270131,7,3,927647
KR_5382270131,5,1,933627
KR_5382270131,8,3,935278
KR_5382270131,1,4,936401
KR_5382270131,6,1,954501
KR_5382270131,9,3,998433
KR_5382270131,10,2,1001837
KR_5382270131,8,4,1027975
KR_5382270131,1,2,1055652
KR_5382270131,4,4,1058096
KR_5382270131,2,4,1062983
KR_5382270131,3,1,1076821
KR_5382270131,7,4,1101260
KR_5382270131,5,2,1116226
KR_5382270131,4,3,1135159
KR_5382270131,2,3,1144185
KR_5382270131,9,3,1172790
KR_5363442675,4,1,10456
KR_5363442675,1,1,36829
KR_5363442675,5,1,37060
KR_5363442675,2,1,38447
KR_5363442675,6,1,65213
KR_5363442675,7,2,66370
KR_5363442675,8,3,72125
KR_5363442675,10,3,73976
KR_5363442675,9,3,92092
KR_5363442675,3,1,95032
KR_5363442675,2,2,112015
KR_5363442675,3,2,123981
KR_5363442675,1,3,133262
KR_5363442675,8,2,139704
KR_5363442675,7,1,143010
KR_5363442675,6,2,151635
KR_5363442675,8,1,159269
KR_5363442675,5,2,163403
KR_5363442675,10,1,167170
KR_5363442675,1,1,168163
KR_5363442675,3,2,168923
KR_5363442675,9,1,179236
KR_5363442675,6,3,183939
KR_5363442675,10,2,188762
KR_5363442675,2,3,192826
KR_5363442675,4,2,197355
KR_5363442675,9,1,198676
KR_5363442675,7,3,203997
KR_5363442675,6,1,214277
KR_5363442675,1,2,215598
KR_5363442675,8,2,226867
KR_5363442675,3,3,228584
KR_5363442675,2,1,231128
KR_5363442675,4,3,263679
KR_5363442675,6,1,272669
KR_5363442675,1,1,273263
KR_5363442675,5,3,276336
KR_5363442675,9,3,293618
KR_5363442675,8,2,305565
KR_5363442675,3,1,311582
KR_5363442675,10,2,327245
KR_5363442675,7,1,336896
KR_5363442675,1,4,342382
KR_5363442675,6,4,344925
KR_5363442675,2,1,345156
KR_5363442675,4,1,365214
KR_5363442675,8,4,385007
KR_5363442675,2,4,403974
KR_5363442675,5,1,406155
KR_5363442675,9,1,410056
KR_5363442675,4,1,410288
KR_5363442675,3,4,410817
KR_5363442675,6,1,423116
KR_5363442675,7,1,439838
KR_5363442675,8,2,440399
KR_5363442675,10,2,442414
KR_5363442675,1,1,494614
KR_5363442675,2,1,500400
KR_5363442675,5,1,502615
KR_5363442675,7,4,514873
KR_5363442675,4,4,516824
KR_5363442675,10,4,518046
KR_5363442675,6,2,519336
KR_5363442675,8,1,524489
KR_5363442675,9,4,534835
KR_5363442675,3,1,537246
KR_5363442675,6,1,569613
KR_5363442675,7,1,590592
KR_5363442675,5,4,597303
KR_5363442675,3,1,623312
KR_5363442675,4,1,626713
KR_5363442675,9,1,639801
KR_5363442675,1,3,644330
KR_5363442675,8,2,664267
KR_5363442675,2,3,666481
KR_5363442675,7,2,698602
KR_5363442675,5,1,720313
KR_5363442675,8,1,720775
KR_5363442675,1,1,726293
KR_5363442675,6,2,727350
KR_5363442675,10,2,742919
KR_5363442675,9,3,745826
KR_5363442675,1,3,756068
KR_5363442675,3,1,756299
KR_5363442675,7,1,774208
KR_5363442675,8,4,794500
KR_5363442675,2,1,816141
KR_5363442675,4,2,816604
KR_5363442675,6,4,842145
KR_5363442675,9,1,870858
KR_5363442675,7,2,879060
KR_5363442675,10,3,898126
KR_5363442675,8,1,900605
KR_5363442675,1,3,923871
KR_5363438696,3,1,24483
KR_5363438696,4,1,24879
KR_5363438696,10,2,33105
KR_5363438696,9,2,45163
KR_5363438696,2,1,88752
KR_5363438696,1,1,90568
KR_5363438696,8,1,98593
KR_5363438696,5,3,101070
KR_5363438696,6,1,103548
KR_5363438696,9,1,115241
KR_5363438696,7,1,115540
KR_5363438696,2,2,116927
KR_5363438696,3,3,124755
KR_5363438696,8,2,126243
KR_5363438696,6,3,138038
KR_5363438696,4,2,143492
KR_5363438696,1,3,145012
KR_5363438696,2,3,146565
KR_5363438696,5,1,157570
KR_5363438696,3,2,158826
KR_5363438696,9,3,162822
KR_5363438696,8,3,163284
KR_5363438696,7,3,168602
KR_5363438696,10,3,168635
KR_5363438696,6,2,171805
KR_5363438696,1,2,175671
KR_5363438696,6,1,209883
KR_5363438696,8,1,222933
KR_5363438696,7,2,227920
KR_5363438696,9,2,236014
KR_5363438696,1,1,244572
KR_5363438696,5,2,251610
KR_5363438696,3,1,259609
KR_5363438696,4,3,266910
KR_5363438696,2,1,282271
KR_5363438696,6,1,286665
KR_5363438696,1,1,305787
KR_5363438696,10,1,307935
KR_5363438696,8,1,309223
KR_5363438696,5,3,309982
KR_5363438696,3,1,317220
KR_5363438696,2,1,327658
KR_5363438696,9,2,335222
KR_5363438696,7,1,349892
KR_5363438696,10,2,357623
KR_5363438696,6,4,361257
KR_5363438696,4,1,363931
KR_5363438696,3,4,366509
KR_5363438696,9,4,381274
KR_5363438696,1,4,385702
KR_5363438696,5,3,428368
KR_5363438696,6,1,430583
KR_5363438696,10,2,443068
KR_5363438696,2,4,443730
KR_5363438696,8,4,449974
KR_5363438696,7,1,462396
KR_5363438696,1,1,485426
KR_5363438696,3,1,502305
KR_5363438696,9,3,514128
KR_5363438696,4,1,533585
KR_5363438696,5,4,541853
KR_5363438696,8,1,542514
KR_5363438696,2,1,543737
KR_5363438696,10,4,547010
KR_5363438696,6,2,556323
KR_5363438696,3,3,569150
KR_5363438696,7,4,569348
KR_5363438696,9,3,570901
KR_5363438696,1,3,580546
KR_5363438696,3,1,606842
KR_5363438696,8,3,634823
KR_5363438696,4,4,638623
KR_5363438696,10,2,644700
KR_5363438696,6,1,648070
KR_5363438696,1,1,654445
KR_5363438696,2,2,677740
KR_5363438696,3,3,693297
KR_5363438696,5,2,696006
KR_5363438696,9,3,715758
KR_5363438696,7,1,738124
KR_5363438696,6,2,738487
KR_5363438696,8,1,753323
KR_5363438696,4,1,780492
KR_5363438696,2,1,796883
KR_5363438696,1,3,809899
KR_5363438696,4,2,828664
KR_5363438696,9,3,830810
KR_5363438696,10,3,848419
KR_5363438696,5,2,870224
KR_5363438696,7,3,888161
KR_5363438696,2,2,888756
KR_5363438696,3,4,915800
KR_5363438696,1,4,916560
KR_5363438696,9,4,927394
KR_5363438696,4,1,930136
KR_5363438696,6,4,979359
KR_5363438696,5,2,993035
KR_5363438696,1,3,1009881
KR_5363438696,3,3,1048579
KR_5363438696,2,4,1057431
KR_5363438696,10,2,1060305
KR_5363438696,7,1,1064731
KR_5363438696,9,1,1065558
KR_5363438696,1,3,1108103
KR_5363438696,4,2,1117352
KR_5363438696,8,3,1131787
KR_5363438696,9,1,1151497
KR_5363384669,4,1,5702
KR_5363384669,9,3,29659
KR_5363384669,2,1,42644
KR_5363384669,10,2,54375
KR_5363384669,8,3,55564
KR_5363384669,6,1,55762
KR_5363384669,5,1,85018
KR_5363384669,7,3,85911
KR_5363384669,3,1,105702
KR_5363384669,1,1,112311
KR_5363384669,2,3,128832
KR_5363384669,8,1,136004
KR_5363384669,1,3,136699
KR_5363384669,6,3,138649
KR_5363384669,9,1,141094
KR_5363384669,10,3,141986
KR_5363384669,3,2,148164
KR_5363384669,8,3,157780
KR_5363384669,4,1,162802
KR_5363384669,7,2,165446
KR_5363384669,1,2,166636
KR_5363384669,6,1,176121
KR_5363384669,5,2,180687
KR_5363384669,3,3,188615
KR_5363384669,2,2,188879
KR_5363384669,1,1,204873
KR_5363384669,8,2,211712
KR_5363384669,4,1,218454
KR_5363384669,6,2,219545
KR_5363384669,5,3,221726
KR_5363384669,3,1,228467
KR_5363384669,10,1,243635
KR_5363384669,1,1,262566
KR_5363384669,8,3,263990
KR_5363384669,7,1,268054
KR_5363384669,2,1,273306
KR_5363384669,9,3,283515
KR_5363384669,6,1,291808
KR_5363384669,3,1,292899
KR_5363384669,9,2,309055
KR_5363384669,4,3,314873
KR_5363384669,7,2,315798
KR_5363384669,1,4,324554
KR_5363384669,10,2,326173
KR_5363384669,5,1,329807
KR_5363384669,2,1,347223
KR_5363384669,8,4,350064
KR_5363384669,5,1,373096
KR_5363384669,4,1,375375
KR_5363384669,3,4,382776
KR_5363384669,7,2,404001
KR_5363384669,1,1,407933
KR_5363384669,9,3,408296
KR_5363384669,2,4,416686
KR_5363384669,6,4,418701
KR_5363384669,8,3,449381
KR_5363384669,10,2,450174
KR_5363384669,7,4,455067
KR_5363384669,6,1,464748
KR_5363384669,3,1,482063
KR_5363384669,4,3,490357
KR_5363384669,5,4,496274
KR_5363384669,9,4,504701
KR_5363384669,8,1,520361
KR_5363384669,10,4,522740
KR_5363384669,1,3,554877
KR_5363384669,2,1,556364
KR_5363384669,7,2,569714
KR_5363384669,6,3,573189
KR_5363384669,3,2,577120
KR_5363384669,9,3,586477
KR_5363384669,3,1,612782
KR_5363384669,4,1,628156
KR_5363384669,7,3,629279
KR_5363384669,8,3,629412
KR_5363384669,6,1,641247
KR_5363384669,2,3,647094
KR_5363384669,9,1,661544
KR_5363384669,1,1,678496
KR_5363384669,10,2,685578
KR_5363384669,3,2,743370
KR_5363384669,8,1,748788
KR_5363384669,4,3,758964
KR_5363384669,6,3,767367
KR_5363384669,9,3,774211
KR_5363384669,7,2,790618
KR_5363384669,10,3,793788
KR_5363384669,2,1,802816
KR_5363384669,5,1,822311
KR_5363384669,9,1,824656
KR_5363384669,4,1,860503
KR_5363384669,8,4,874456
KR_5363384669,1,3,887236
KR_5363384669,3,4,891201
KR_5363384669,5,2,907640
KR_5363384669,2,3,913985
KR_5363384669,7,3,920529
KR_5363384669,4,3,927338
KR_5363384669,6,4,958040
KR_5363384669,8,1,992271
KR_5363384669,10,2,998846
KR_5363384669,3,2,1013851
KR_5363384669,2,4,1023202
KR_5363384669,7,4,1036106
KR_5363384669,9,4,1043406
KR_5363384669,1,4,1071566
KR_5363384669,6,3,1073316
KR_5363384669,8,1,1074903
KR_5363384669,5,1,1112934
KR_5363384669,4,3,1118485
KR_5363384669,10,3,1141844
KR_5363384669,7,3,1151194
KR_5363384669,8,2,1173134
KR_5363384669,9,1,1178058
KR_5363384669,6,3,1198610
KR_5363384669,1,3,1203534
KR_5363384669,2,3,1227728
KR_5363384669,3,2,1232288
KR_5363384669,5,2,1272601
KR_5363384669,4,3,1273361
KR_5363384669,5,4,1291369
KR_5363384669,1,3,1291633
KR_5363384669,3,3,1310565
KR_5363384669,7,3,1318228
KR_5363384669,4,2,1348239
KR_5363384669,8,2,1356633
KR_5363384669,9,1,1385951
KR_5363384669,2,3,1390776
KR_5363384669,1,2,1444945
KR_5363384669,10,4,1499539
KR_5363384669,8,4,1513023
KR_5363384669,6,2,1514113
KR_5363384669,5,2,1517351
KR_5363384669,7,1,1518244
KR_5363384669,4,2,1523068
KR_5363384669,3,3,1531096
KR_5363384669,9,2,1576714
KR_5363384669,2,2,1580582
KR_5363384669,7,1,1641669
KR_5363384669,6,2,1658554
KR_5363384669,4,2,1661758
KR_5363384669,5,2,1662947
KR_5363384669,1,2,1665393
KR_5363384669,3,4,1670815
KR_5363384669,2,2,1676405
KR_5363384669,5,3,1682246
KR_5368576234,2,1,21408
KR_5368576234,8,2,35118
KR_5368576234,4,1,39678
KR_5368576234,1,2,45792
KR_5368576234,10,2,46881
KR_5368576234,7,1,49754
KR_5368576234,5,2,58015
KR_5368576234,3,1,61527
KR_5368576234,9,1,65821
KR_5368576234,6,3,95655
KR_5368576234,9,2,102658
KR_5368576234,2,2,111846
KR_5368576234,5,1,127806
KR_5368576234,6,2,137616
KR_5368576234,8,1,137880
KR_5368576234,7,3,147299
KR_5368576234,9,3,148027
KR_5368576234,5,3,160354
KR_5368576234,1,1,161213
KR_5368576234,8,3,163955
KR_5368576234,6,1,166700
KR_5368576234,3,2,174432
KR_5368576234,4,2,180136
KR_5368576234,2,3,184530
KR_5368576234,1,1,202571
KR_5368576234,6,2,208487
KR_5368576234,3,3,219654
KR_5368576234,4,3,223486
KR_5368576234,1,2,223618
KR_5368576234,10,1,225865
KR_5368576234,8,1,232307
KR_5368576234,2,1,242325
KR_5368576234,5,1,250622
KR_5368576234,7,1,254717
KR_5368576234,10,3,260036
KR_5368576234,6,2,267536
KR_5368576234,4,1,279694
KR_5368576234,3,1,281446
KR_5368576234,8,1,282934
KR_5368576234,9,1,287196
KR_5368576234,5,1,290036
KR_5368576234,1,3,299420
KR_5368576234,6,4,331488
KR_5368576234,2,1,335518
KR_5368576234,9,1,343153
KR_5368576234,3,1,350753
KR_5368576234,8,4,356933
KR_5368576234,7,2,366282
KR_5368576234,1,4,367041
KR_5368576234,5,4,367933
KR_5368576234,4,1,386037
KR_5368576234,7,1,403148
KR_5368576234,2,4,410684
KR_5368576234,6,2,441560
KR_5368576234,8,1,455802
KR_5368576234,4,4,460364
KR_5368576234,10,2,462676
KR_5368576234,1,2,467070
KR_5368576234,9,4,471961
KR_5368576234,5,1,472591
KR_5368576234,2,1,476523
KR_5368576234,3,4,485772
KR_5368576234,7,4,500206
KR_5368576234,5,2,529544
KR_5368576234,6,3,534666
KR_5368576234,4,1,555492
KR_5368576234,1,2,563353
KR_5368576234,8,2,567847
KR_5368576234,10,2,575081
KR_5368576234,9,1,579838
KR_5368576234,7,1,585589
KR_5368576234,2,3,589190
KR_5368576234,3,1,604025
KR_5368576234,6,2,644406
KR_5368576234,4,3,651083
KR_5368576234,5,1,658084
KR_5368576234,8,1,672469
KR_5368576234,2,1,683506
KR_5368576234,3,2,696686
KR_5368576234,10,4,701377
KR_5368576234,9,2,718855
KR_5368576234,5,2,730020
KR_5368576234,1,1,730913
KR_5368576234,7,2,731573
KR_5368576234,2,3,807898
KR_5368576234,10,2,812356
KR_5368576234,9,1,828088
KR_5368576234,8,2,830038
KR_5368576234,5,4,834859
KR_5368576234,4,1,836943
KR_5368576234,1,2,843185
KR_5368576234,7,1,845894
KR_5368576234,6,1,855839
KR_5368576234,3,1,883691
KR_5368576234,2,4,892051
KR_5368576234,4,3,925998
KR_5368576234,7,2,937795
KR_5368576234,1,4,938852
KR_5368576234,8,4,980082
KR_5368576234,5,2,986918
KR_5368576234,10,3,992071
KR_5368576234,4,4,1026150
KR_5368576234,7,4,1032859
KR_5368576234,6,4,1043300
KR_5368576234,9,3,1054996
KR_5368576234,2,3,1084206
KR_5368576234,10,2,1085990
KR_5368576234,3,2,1124744
KR_5368576234,4,3,1143891
KR_5382195226,1,1,6943
KR_5382195226,7,1,26826
KR_5382195226,10,3,30426
KR_5382195226,9,3,31846
KR_5382195226,3,1,54633
KR_5382195226,8,3,57804
KR_5382195226,4,1,67422
KR_5382195226,2,2,74361
KR_5382195226,5,2,82222
KR_5382195226,6,1,97975
KR_5382195226,7,3,105605
KR_5382195226,2,1,113433
KR_5382195226,8,2,126148
KR_5382195226,3,2,131267
KR_5382195226,6,2,132918
KR_5382195226,7,2,134438
KR_5382195226,1,2,141934
KR_5382195226,5,3,143222
KR_5382195226,4,3,143982
KR_5382195226,9,1,148407
KR_5382195226,10,1,150950
KR_5382195226,2,3,154850
KR_5382195226,3,3,161157
KR_5382195226,8,1,163370
KR_5382195226,1,3,178796
KR_5382195226,7,1,202749
KR_5382195226,9,1,205292
KR_5382195226,2,1,205986
KR_5382195226,3,1,207836
KR_5382195226,10,2,209686
KR_5382195226,6,3,211502
KR_5382195226,8,2,218240
KR_5382195226,4,2,222797
KR_5382195226,5,1,240995
KR_5382195226,6,1,250342
KR_5382195226,9,3,271215
KR_5382195226,10,3,272767
KR_5382195226,1,1,273791
KR_5382195226,3,1,277622
KR_5382195226,6,1,290039
KR_5382195226,8,2,291393
KR_5382195226,2,1,298164
KR_5382195226,1,1,303523
KR_5382195226,4,1,323871
KR_5382195226,1,4,347651
KR_5382195226,2,4,355346
KR_5382195226,7,1,355808
KR_5382195226,8,4,356865
KR_5382195226,5,2,370441
KR_5382195226,9,3,370573
KR_5382195226,3,4,380977
KR_5382195226,6,4,406542
KR_5382195226,7,4,407830
KR_5382195226,4,1,418596
KR_5382195226,1,1,423230
KR_5382195226,10,3,436113
KR_5382195226,2,1,444931
KR_5382195226,8,2,462535
KR_5382195226,3,1,466597
KR_5382195226,6,1,469239
KR_5382195226,9,4,477660
KR_5382195226,7,1,498306
KR_5382195226,4,4,521030
KR_5382195226,5,2,522384
KR_5382195226,1,3,528232
KR_5382195226,9,3,538055
KR_5382195226,4,1,564213
KR_5382195226,3,2,580034
KR_5382195226,2,2,593905
KR_5382195226,8,1,605268
KR_5382195226,7,3,614419
KR_5382195226,1,1,624591
KR_5382195226,5,4,626276
KR_5382195226,3,1,638266
KR_5382195226,6,3,662348
KR_5382195226,9,1,676384
KR_5382195226,7,1,676912
KR_5382195226,4,3,692931
KR_5382195226,10,4,704589
KR_5382195226,8,2,707099
KR_5382195226,2,1,715883
KR_5382195226,1,3,717204
KR_5382195226,5,2,737055
KR_5382195226,6,1,748186
KR_5382195226,3,2,790797
KR_5382195226,4,1,799516
KR_5382195226,7,3,810879
KR_5382195226,10,3,811209
KR_5382195226,9,3,811870
KR_5382195226,8,1,824189
KR_5382195226,2,2,824817
KR_5382195226,1,4,877564
KR_5382195226,7,4,911587
KR_5382195226,8,4,918986
KR_5382195226,3,4,925756
KR_5382195226,6,3,940419
KR_5382195226,9,1,945870
KR_5382195226,10,1,958751
KR_5382195226,7,3,961756
KR_5382195226,5,3,1001060
KR_5382195226,4,3,1003634
KR_5382195226,2,4,1004658
KR_5382195226,8,1,1015162
KR_5382195226,1,3,1025217
KR_5382195226,9,4,1041138
KR_5382195226,10,3,1042393
KR_5382195226,6,4,1047149
KR_5382195226,3,2,1071917
KR_5382195226,7,3,1086548
KR_5382195226,5,2,1106990
KR_5382195226,9,1,1118385
KR_5382195226,8,1,1144058
KR_5382195226,2,2,1144124
KR_5382195226,1,3,1184917
KR_5382195226,6,3,1188088
KR_5382195226,4,4,1204766
KR_5382195226,5,3,1222007
KR_5382195226,3,2,1234193
KR_5382195226,7,2,1239379
KR_5382195226,9,2,1244432
KR_5382195226,8,3,1291377
KR_5382195226,10,1,1292863
KR_5382195226,6,3,1297948
KR_5382195226,2,2,1322919
KR_5382195226,7,2,1336096
KR_5382195226,9,2,1337384
KR_5382195226,10,4,1351388
KR_5382195226,2,3,1375796
KR_5382195226,1,2,1392782
KR_5382195226,4,3,1428720
KR_5382195226,6,2,1430437
KR_5382195226,9,2,1432617
KR_5382195226,8,3,1444144
KR_5382195226,2,3,1452830
KR_5382195226,5,4,1499929
KR_5382195226,3,3,1523515
KR_5382195226,10,1,1535340
KR_5382195226,7,4,1536496
KR_5382195226,4,3,1569064
KR_5382195226,9,4,1584026
KR_5382195226,8,4,1632726
KR_5383109443,8,1,28974
KR_5383109443,2,1,31232
KR_5383109443,9,1,37534
KR_5383109443,4,1,52065
KR_5383109443,10,2,95050
KR_5383109443,6,1,95713
KR_5383109443,1,1,100397
KR_5383109443,3,2,102497
KR_5383109443,2,2,108414
KR_5383109443,7,1,110376
KR_5383109443,8,2,126243
KR_5383109443,9,2,126574
KR_5383109443,5,1,126741
KR_5383109443,3,1,136372
KR_5383109443,1,3,143928
KR_5383109443,10,1,150551
KR_5383109443,7,3,152349
KR_5383109443,6,2,155738
KR_5383109443,2,3,161158
KR_5383109443,3,3,161158
KR_5383109443,5,3,162884
KR_5383109443,4,2,163018
KR_5383109443,6,3,165579
KR_5383109443,9,3,165912
KR_5383109443,8,3,166212
KR_5383109443,1,2,170705
KR_5383109443,8,1,189488
KR_5383109443,7,2,194177
KR_5383109443,2,1,210802
KR_5383109443,1,1,215356
KR_5383109443,3,2,216518
KR_5383109443,4,1,221239
KR_5383109443,6,1,245939
KR_5383109443,8,1,252317
KR_5383109443,9,1,254140
KR_5383109443,5,2,254636
KR_5383109443,4,3,280365
KR_5383109443,6,1,284286
KR_5383109443,7,1,286944
KR_5383109443,10,3,291062
KR_5383109443,3,2,292695
KR_5383109443,2,1,307698
KR_5383109443,5,1,309096
KR_5383109443,8,4,317938
KR_5383109443,1,1,321624
KR_5383109443,9,1,336119
KR_5383109443,7,1,341571
KR_5383109443,3,4,355457
KR_5383109443,1,4,367486
KR_5383109443,6,4,368979
KR_5383109443,2,4,374230
KR_5383109443,4,1,379444
KR_5383109443,8,1,397720
KR_5383109443,10,1,414463
KR_5383109443,7,4,437572
KR_5383109443,1,1,439099
KR_5383109443,3,2,441556
KR_5383109443,2,1,461264
KR_5383109443,5,1,472226
KR_5383109443,4,4,475048
KR_5383109443,9,4,480801
KR_5383109443,6,1,481764
KR_5383109443,8,2,512042
KR_5383109443,3,1,538402
KR_5383109443,2,3,555216
KR_5383109443,4,1,559402
KR_5383109443,10,1,560035
KR_5383109443,6,2,576730
KR_5383109443,1,3,580681
KR_5383109443,10,4,584636
KR_5383109443,7,1,590254
KR_5383109443,8,1,612654
KR_5383109443,10,1,616839
KR_5383109443,7,3,624900
KR_5383109443,9,1,632134
KR_5383109443,5,4,637815
KR_5383109443,1,1,674846
KR_5383109443,9,3,688892
KR_5383109443,3,2,710158
KR_5383109443,8,2,718555
KR_5383109443,6,1,720143
KR_5383109443,2,1,724888
KR_5383109443,4,3,736330
KR_5383109443,1,3,753297
KR_5383109443,7,1,792208
KR_5383109443,6,2,825134
KR_5383109443,3,1,837536
KR_5383109443,5,1,842297
KR_5383109443,9,1,875922
KR_5383109443,4,1,880168
KR_5383109443,7,3,882292
KR_5383109443,2,3,893445
KR_5383109443,10,2,893610
KR_5383109443,8,4,899003
KR_5383109443,1,4,901344
KR_5383109443,6,4,917983
KR_5383109443,9,3,981845
KR_5383109443,4,3,998906
KR_5383109443,3,4,1021315
KR_5383109443,8,2,1023108
KR_5383109443,7,4,1030377
KR_5383109443,9,4,1048399
KR_5383109443,6,2,1066537
KR_5383109443,2,4,1071586
KR_5383109443,1,3,1094905
KR_5383109443,10,1,1106522
KR_5383109443,4,4,1121388
KR_5383109443,5,2,1122946
KR_5383109443,7,3,1140453
KR_5383109443,5,1,1178520
KR_5383109443,8,2,1196065
KR_5383109443,9,3,1199680
KR_5383109443,6,2,1210908
KR_5383109443,3,1,1217287
KR_5383109443,1,3,1221668
KR_5383109443,2,3,1245274
KR_5383109443,4,3,1254901
KR_5383109443,10,2,1261656
KR_5383109443,5,2,1274484
KR_5383109443,8,3,1320496
KR_5383109443,7,3,1350921
KR_5383109443,4,3,1354138
KR_5383109443,6,3,1367245
KR_5383109443,2,3,1410429
KR_5383109443,5,4,1463284
KR_5383109443,9,3,1464677
KR_5383109443,10,4,1470643
KR_5383109443,3,1,1482980
KR_5383109443,7,2,1496274
KR_5383109443,1,2,1536679
KR_5383109443,8,3,1548730
KR_5383109443,6,3,1553909
KR_5383109443,2,2,1560980
KR_5383109443,7,2,1567874
KR_5383109443,9,2,1567907
KR_5383109443,10,2,1593270
KR_5383109443,5,2,1603735
KR_5383109443,8,4,1638148
KR_5383109443,4,2,1694261
KR_5383109443,1,2,1695525
KR_5383109443,2,2,1697847
KR_5383109443,7,4,1701132
KR_5383109443,6,4,1711015
KR_5383109443,3,3,1734604
KR_5383109443,9,2,1757709
KR_5383109443,4,2,1779480
KR_5383109443,10,2,1795714
KR_5383109443,8,3,1814618
KR_5383109443,7,2,1823214
KR_5383109443,6,3,1837407
KR_5383705912,10,1,14906
KR_5383705912,7,3,78190
KR_5383705912,9,2,85356
KR_5383705912,3,3,87140
KR_5383705912,8,3,88989
KR_5383705912,2,3,90343
KR_5383705912,5,2,90574
KR_5383705912,4,1,94207
KR_5383705912,6,1,100614
KR_5383705912,1,3,103553
KR_5383705912,7,2,110720
KR_5383705912,2,1,117325
KR_5383705912,3,2,126308
KR_5383705912,8,1,139684
KR_5383705912,1,2,141138
KR_5383705912,6,2,141303
KR_5383705912,9,3,143846
KR_5383705912,7,1,153456
KR_5383705912,2,2,155041
KR_5383705912,10,2,157255
KR_5383705912,3,1,157453
KR_5383705912,6,3,170894
KR_5383705912,8,2,178721
KR_5383705912,3,1,188478
KR_5383705912,5,3,191748
KR_5383705912,9,2,194787
KR_5383705912,1,1,199972
KR_5383705912,6,1,201160
KR_5383705912,8,1,211563
KR_5383705912,4,2,212158
KR_5383705912,4,3,213016
KR_5383705912,2,1,225170
KR_5383705912,10,3,227085
KR_5383705912,7,2,232865
KR_5383705912,5,1,237522
KR_5383705912,1,1,252416
KR_5383705912,3,1,254629
KR_5383705912,8,1,265693
KR_5383705912,5,2,283761
KR_5383705912,6,1,285115
KR_5383705912,2,1,314377
KR_5383705912,1,1,327258
KR_5383705912,7,2,330098
KR_5383705912,6,2,330989
KR_5383705912,8,4,336306
KR_5383705912,10,1,336935
KR_5383705912,9,1,337529
KR_5383705912,4,1,348692
KR_5383705912,3,4,372209
KR_5383705912,2,4,400743
KR_5383705912,7,4,403121
KR_5383705912,9,2,405202
KR_5383705912,6,1,408803
KR_5383705912,1,4,414252
KR_5383705912,4,1,415111
KR_5383705912,8,1,415309
KR_5383705912,5,2,435216
KR_5383705912,10,1,454902
KR_5383705912,3,1,456751
KR_5383705912,7,2,477694
KR_5383705912,6,2,484698
KR_5383705912,4,4,498506
KR_5383705912,5,4,503196
KR_5383705912,2,1,516901
KR_5383705912,8,2,520468
KR_5383705912,6,1,548265
KR_5383705912,3,2,548331
KR_5383705912,9,4,551799
KR_5383705912,1,1,564448
KR_5383705912,2,3,580862
KR_5383705912,10,4,586677
KR_5383705912,8,1,615149
KR_5383705912,7,3,652872
KR_5383705912,5,2,655779
KR_5383705912,3,1,656572
KR_5383705912,6,2,663312
KR_5383705912,10,1,668298
KR_5383705912,9,2,676158
KR_5383705912,2,1,683891
KR_5383705912,4,1,687325
KR_5383705912,1,3,711803
KR_5383705912,5,3,733865
KR_5383705912,8,2,734888
KR_5383705912,2,3,735813
KR_5383705912,6,1,743342
KR_5383705912,7,2,781858
KR_5383705912,4,3,803099
KR_5383705912,3,2,829458
KR_5383705912,5,2,838013
KR_5383705912,2,4,844190
KR_5383705912,1,1,852875
KR_5383705912,8,4,868168
KR_5383705912,4,1,876426
KR_5383705912,9,1,885343
KR_5383705912,1,3,910312
KR_5383705912,8,2,922732
KR_5383705912,7,3,930162
KR_5383705912,2,3,956190
KR_5383705912,3,4,963853
KR_5383705912,6,2,974884
KR_5383705912,4,3,1000818
KR_5383705912,10,2,1007623
KR_5383705912,5,3,1008184
KR_5383705912,1,4,1021664
KR_5383705912,9,2,1024768
KR_5383705912,3,2,1067773
KR_5383705912,8,2,1102859
KR_5383705912,9,1,1118481
KR_5383705912,2,3,1121586
KR_5383705912,4,4,1124065
KR_5383705912,7,4,1145672
KR_5383705912,6,2,1163177
KR_5383705912,5,4,1171104
KR_5383705912,1,3,1184051
KR_5383705912,3,2,1202515
KR_5383705912,10,1,1228111
KR_5383705912,4,3,1233395
KR_5383705912,8,3,1236004
KR_5383705912,1,3,1255355
KR_5383705912,2,2,1255851
KR_5383705912,9,4,1260677
KR_5383705912,4,3,1278947
KR_5383705912,3,3,1288095
KR_5383705912,7,3,1318884
KR_5383705912,6,3,1350164
KR_5383705912,10,2,1360238
KR_5383705912,2,2,1363707
KR_5383705912,5,3,1386863
KR_5383705912,1,2,1396510
KR_5383705912,8,3,1422610
KR_5383705912,4,2,1436086
KR_5383705912,9,1,1470170
KR_5383705912,3,3,1494118
KR_5383705912,2,4,1507069
KR_5383705912,5,3,1507168
KR_5383705912,10,4,1527877
KR_5383705912,6,3,1546604
KR_5383705912,1,2,1547396
KR_5383705912,7,3,1549444
KR_5383705912,4,2,1550006
KR_5383354119,1,3,4158
KR_5383354119,2,1,15787
KR_5383354119,7,1,34450
KR_5383354119,3,2,85779
KR_5383354119,4,1,87173
KR_5383354119,8,1,88500
KR_5383354119,5,1,89694
KR_5383354119,6,2,97457
KR_5383354119,2,2,103430
KR_5383354119,7,2,103827
KR_5383354119,9,1,110794
KR_5383354119,8,3,126719
KR_5383354119,3,3,127051
KR_5383354119,1,2,138053
KR_5383354119,5,3,138749
KR_5383354119,10,3,139675
KR_5383354119,9,2,140239
KR_5383354119,10,2,141001
KR_5383354119,7,3,141996
KR_5383354119,2,3,148365
KR_5383354119,4,2,152449
KR_5383354119,6,1,154875
KR_5383354119,1,1,164493
KR_5383354119,8,1,164727
KR_5383354119,3,1,167781
KR_5383354119,6,3,187495
KR_5383354119,9,3,196220
KR_5383354119,7,1,196387
KR_5383354119,10,1,196586
KR_5383354119,5,2,206508
KR_5383354119,4,3,207104
KR_5383354119,6,1,209634
KR_5383354119,3,1,210264
KR_5383354119,8,2,216141
KR_5383354119,2,1,220361
KR_5383354119,1,1,239609
KR_5383354119,1,1,269432
KR_5383354119,10,2,281905
KR_5383354119,9,3,281938
KR_5383354119,8,1,289007
KR_5383354119,3,1,290965
KR_5383354119,2,1,291031
KR_5383354119,5,2,291098
KR_5383354119,4,1,291662
KR_5383354119,7,1,296304
KR_5383354119,6,1,324823
KR_5383354119,8,4,333576
KR_5383354119,7,4,353141
KR_5383354119,3,4,358318
KR_5383354119,2,4,386893
KR_5383354119,9,3,394124
KR_5383354119,8,1,402930
KR_5383354119,3,1,407773
KR_5383354119,6,4,412680
KR_5383354119,1,4,413644
KR_5383354119,5,2,414505
KR_5383354119,4,1,414670
KR_5383354119,7,1,435409
KR_5383354119,10,2,471072
KR_5383354119,3,3,492202
KR_5383354119,8,3,497774
KR_5383354119,9,4,503345
KR_5383354119,6,1,503711
KR_5383354119,1,1,512200
KR_5383354119,7,2,530043
KR_5383354119,10,4,537476
KR_5383354119,2,1,539265
KR_5383354119,5,4,542803
KR_5383354119,4,4,543267
KR_5383354119,8,1,582756
KR_5383354119,6,3,594800
KR_5383354119,7,1,597059
KR_5383354119,1,2,617356
KR_5383354119,3,1,619547
KR_5383354119,9,3,627732
KR_5383354119,10,2,634275
KR_5383354119,4,1,664815
KR_5383354119,2,3,671619
KR_5383354119,7,2,676659
KR_5383354119,5,2,677155
KR_5383354119,1,1,706389
KR_5383354119,8,3,720092
KR_5383354119,6,1,723088
KR_5383354119,9,2,741658
KR_5383354119,3,3,752916
KR_5383354119,2,1,764246
KR_5383354119,5,3,790051
KR_5383354119,7,4,798011
KR_5383354119,10,3,809749
KR_5383354119,4,3,810444
KR_5383354119,8,4,818725
KR_5383354119,6,3,839651
KR_5383354119,1,2,847447
KR_5383354119,4,1,866149
KR_5383354119,7,2,874122
KR_5383354119,8,3,897530
KR_5383354119,9,3,897562
KR_5383354119,4,1,911052
KR_5383354119,3,4,918977
KR_5383354119,5,2,931716
KR_5383354119,9,2,959568
KR_5383354119,7,2,966395
KR_5383354119,6,4,992873
KR_5383354119,8,3,1002322
KR_5383354119,10,2,1030638
KR_5383354119,3,3,1069321
KR_5383354119,7,3,1073763
KR_5383354119,9,4,1076120
KR_5383354119,8,2,1078276
KR_5383354119,4,3,1111109
KR_5383354119,1,4,1116884
KR_5383354119,6,3,1153158
KR_5383665189,7,1,36627
KR_5383665189,9,1,85246
KR_5383665189,2,1,89672
KR_5383665189,4,1,89903
KR_5383665189,10,1,89936
KR_5383665189,5,1,90894
KR_5383665189,6,1,95815
KR_5383665189,8,1,100108
KR_5383665189,7,2,103741
KR_5383665189,2,3,107968
KR_5383665189,1,3,110940
KR_5383665189,8,3,124084
KR_5383665189,3,2,126230
KR_5383665189,7,3,142148
KR_5383665189,6,3,142611
KR_5383665189,9,2,142743
KR_5383665189,3,1,143733
KR_5383665189,10,2,145220
KR_5383665189,1,1,160312
KR_5383665189,5,3,162359
KR_5383665189,3,3,162657
KR_5383665189,4,2,165266
KR_5383665189,8,2,166323
KR_5383665189,2,2,167347
KR_5383665189,6,1,169990
KR_5383665189,1,2,180800
KR_5383665189,7,1,199922
KR_5383665189,8,1,201210
KR_5383665189,10,3,202994
KR_5383665189,9,3,203390
KR_5383665189,6,2,207056
KR_5383665189,3,1,209830
KR_5383665189,5,2,217062
KR_5383665189,4,3,217260
KR_5383665189,1,1,231562
KR_5383665189,2,1,255045
KR_5383665189,3,1,258514
KR_5383665189,4,1,263832
KR_5383665189,9,1,267663
KR_5383665189,1,1,267993
KR_5383665189,6,1,274433
KR_5383665189,7,1,282294
KR_5383665189,8,1,284540
KR_5383665189,10,1,334518
KR_5383665189,3,4,335409
KR_5383665189,1,4,338249
KR_5383665189,4,1,341719
KR_5383665189,2,1,346409
KR_5383665189,5,2,346706
KR_5383665189,6,2,347300
KR_5383665189,8,4,348852
KR_5383665189,10,1,392611
KR_5383665189,7,4,407044
KR_5383665189,9,1,409092
KR_5383665189,4,4,409257
KR_5383665189,8,1,424433
KR_5383665189,2,4,425522
KR_5383665189,3,1,427471
KR_5383665189,6,1,428032
KR_5383665189,1,1,462378
KR_5383665189,7,1,471660
KR_5383665189,9,4,486059
KR_5383665189,5,2,492730
KR_5383665189,3,2,513439
KR_5383665189,8,3,514958
KR_5383665189,4,1,518029
KR_5383665189,2,1,537152
KR_5383665189,6,2,543663
KR_5383665189,7,3,545413
KR_5383665189,1,3,570646
KR_5383665189,9,2,621440
KR_5383665189,3,1,623355
KR_5383665189,10,4,639208
KR_5383665189,2,3,639241
KR_5383665189,4,3,639472
KR_5383665189,5,4,641487
KR_5383665189,2,1,675305
KR_5383665189,9,2,682900
KR_5383665189,3,2,694099
KR_5383665189,1,1,696377
KR_5383665189,7,1,722732
KR_5383665189,6,1,722997
KR_5383665189,10,1,731089
KR_5383665189,8,1,731287
KR_5383665189,4,1,784562
KR_5383665189,1,3,787370
KR_5383665189,2,3,794074
KR_5383665189,3,4,810753
KR_5383665189,7,3,818746
KR_5383665189,6,2,837570
KR_5383665189,10,2,837901
KR_5383665189,5,2,844175
KR_5383665189,9,2,852563
KR_5383665189,2,4,873835
KR_5383665189,4,3,888664
KR_5383665189,1,4,916707
KR_5383665189,5,3,935697
KR_5383665189,7,4,938207
KR_5372316939,4,1,8861
KR_5372316939,8,2,31953
KR_5372316939,3,1,74682
KR_5372316939,7,1,77128
KR_5372316939,1,1,87635
KR_5372316939,2,1,87833
KR_5372316939,6,1,92194
KR_5372316939,5,2,95432
KR_5372316939,9,1,99098
KR_5372316939,2,3,102634
KR_5372316939,7,3,113536
KR_5372316939,3,3,129395
KR_5372316939,1,3,137552
KR_5372316939,6,3,141221
KR_5372316939,8,3,146475
KR_5372316939,10,2,147730
KR_5372316939,10,1,147730
KR_5372316939,7,2,147928
KR_5372316939,2,1,152487
KR_5372316939,5,1,157673
KR_5372316939,4,2,157706
KR_5372316939,3,2,157739
KR_5372316939,9,3,160152
KR_5372316939,6,1,172246
KR_5372316939,1,2,178093
KR_5372316939,5,3,200790
KR_5372316939,6,2,200856
KR_5372316939,4,3,200922
KR_5372316939,8,1,202111
KR_5372316939,1,1,218003
KR_5372316939,8,1,219621
KR_5372316939,10,3,223287
KR_5372316939,3,1,228840
KR_5372316939,9,2,231286
KR_5372316939,10,1,266275
KR_5372316939,9,1,267067
KR_5372316939,6,1,269348
KR_5372316939,3,1,276120
KR_5372316939,7,1,283885
KR_5372316939,5,1,283918
KR_5372316939,1,1,286660
KR_5372316939,6,2,296176
KR_5372316939,4,1,301205
KR_5372316939,2,2,304542
KR_5372316939,8,1,316105
KR_5372316939,8,4,344393
KR_5372316939,3,4,358205
KR_5372316939,7,1,365608
KR_5372316939,1,4,367721
KR_5372316939,2,1,374660
KR_5372316939,10,1,374792
KR_5372316939,9,1,384704
KR_5372316939,6,1,384836
KR_5372316939,4,1,387743
KR_5372316939,5,1,412522
KR_5372316939,7,4,427270
KR_5372316939,10,4,428989
KR_5372316939,8,1,434603
KR_5372316939,3,1,454656
KR_5372316939,1,1,473064
KR_5372316939,6,2,475379
KR_5372316939,9,4,478682
KR_5372316939,4,4,479245
KR_5372316939,2,4,485423
KR_5372316939,7,1,511688
KR_5372316939,2,1,537188
KR_5372316939,5,4,539005
KR_5372316939,8,3,545464
KR_5372316939,1,3,547049
KR_5372316939,9,1,588843
KR_5372316939,3,3,591520
KR_5372316939,7,2,593205
KR_5372316939,6,1,606651
KR_5372316939,1,1,630044
KR_5372316939,10,1,630374
KR_5372316939,8,1,637311
KR_5372316939,4,1,638368
KR_5372316939,7,1,671379
KR_5372316939,1,3,673163
KR_5372316939,9,3,679107
KR_5372316939,3,1,680330
KR_5372316939,5,1,727715
KR_5372316939,6,2,730789
KR_5372316939,7,2,738388
KR_5372316939,4,2,738982
KR_5372316939,3,3,750514
KR_5372316939,2,3,755636
KR_5372316939,9,1,776388
KR_5372316939,10,2,782505
KR_5372316939,8,3,794101
KR_5372316939,1,4,824894
KR_5372316939,7,4,851232
KR_5372316939,2,1,851960
KR_5372316939,3,4,874824
KR_5372316939,9,3,876442
KR_5372316939,10,1,880373
KR_5372316939,8,4,888961
KR_5372316939,1,3,914211
KR_5372316939,4,1,927458
KR_5372316939,2,3,938986
KR_5372316939,6,1,954217
KR_5372316939,8,3,966972
KR_5372316939,5,2,975368
KR_5372316939,4,2,979235
KR_5372316939,7,2,1002357
KR_5372316939,1,2,1014915
KR_5372316939,5,1,1032499
KR_5372316939,9,4,1032863
KR_5372316939,3,3,1033161
KR_5372316939,10,2,1037987
KR_5372316939,2,4,1076010
KR_5372316939,4,4,1077959
KR_5372316939,6,2,1097715
KR_5372316939,10,4,1109046
KR_5372316939,8,3,1118627
KR_5372316939,9,3,1122757
KR_5372316939,7,2,1139673
KR_5372316939,1,2,1161221
KR_5372316939,4,2,1202679
KR_5372316939,6,2,1211008
KR_5372316939,9,3,1224356
KR_5372316939,10,2,1249396
KR_5372316939,8,2,1254516
KR_5372316939,7,3,1254814
KR_5372316939,5,2,1261592
KR_5372316939,9,2,1284386
KR_5372316939,10,2,1294692
KR_5372316939,3,3,1329618
KR_5359597494,4,1,15318
KR_5359597494,6,1,22452
KR_5359597494,7,1,35203
KR_5359597494,9,1,38868
KR_5359597494,10,1,39497
KR_5359597494,2,1,40686
KR_5359597494,8,1,45210
KR_5359597494,3,2,82416
KR_5359597494,1,3,101441
KR_5359597494,7,2,104216
KR_5359597494,5,1,105075
KR_5359597494,2,3,106926
KR_5359597494,8,3,129294
KR_5359597494,3,3,130417
KR_5359597494,1,1,134413
KR_5359597494,6,3,140922
KR_5359597494,4,2,145646
KR_5359597494,5,2,152252
KR_5359597494,7,3,155885
KR_5359597494,6,1,168833
KR_5359597494,2,2,176265
KR_5359597494,1,2,185394
KR_5359597494,8,2,191109
KR_5359597494,10,3,192133
KR_5359597494,6,2,204059
KR_5359597494,4,3,207395
KR_5359597494,7,1,222889
KR_5359597494,9,2,224872
KR_5359597494,3,1,225400
KR_5359597494,10,2,229069
KR_5359597494,1,1,231911
KR_5359597494,8,1,238222
KR_5359597494,5,3,253317
KR_5359597494,1,1,279710
KR_5359597494,7,1,285658
KR_5359597494,3,1,289491
KR_5359597494,8,1,302046
KR_5359597494,4,1,302774
KR_5359597494,5,1,304062
KR_5359597494,6,1,309480
KR_5359597494,9,3,325797
KR_5359597494,8,4,344423
KR_5359597494,2,1,353770
KR_5359597494,1,4,361929
KR_5359597494,6,2,371642
KR_5359597494,3,1,375774
KR_5359597494,4,1,382742
KR_5359597494,5,1,395384
KR_5359597494,7,4,405064
KR_5359597494,10,1,429414
KR_5359597494,3,4,446334
KR_5359597494,7,1,446830
KR_5359597494,9,1,456180
KR_5359597494,8,1,461962
KR_5359597494,1,1,468932
KR_5359597494,2,1,473723
KR_5359597494,6,1,478874
KR_5359597494,5,4,500375
KR_5359597494,4,4,502951
KR_5359597494,9,1,516462
KR_5359597494,10,1,517057
KR_5359597494,3,1,540487
KR_5359597494,6,2,541940
KR_5359597494,7,3,549472
KR_5359597494,1,3,570313
KR_5359597494,2,4,571073
KR_5359597494,8,3,606217
KR_5359597494,4,1,606877
KR_5359597494,6,1,639427
KR_5359597494,9,4,640649
KR_5359597494,5,1,644450
KR_5359597494,3,3,646795
KR_5359597494,4,2,651618
KR_5359597494,10,4,670152
KR_5359597494,6,2,670251
KR_5359597494,8,1,678311
KR_5359597494,1,1,682143
KR_5359597494,2,1,689973
KR_5359597494,7,1,696120
KR_5359597494,1,3,704478
KR_5359597494,9,1,744417
KR_5359597494,4,1,776201
KR_5359597494,5,2,794143
KR_5359597494,7,3,807255
KR_5359597494,3,1,819276
KR_5359597494,1,3,824828
KR_5359597494,10,1,830245
KR_5359597494,9,3,830576
KR_5359597494,6,1,832131
KR_5359597494,8,3,841314
KR_5359597494,2,3,881086
KR_5359597494,7,4,890931
KR_5359597494,9,1,904178
KR_5359597494,10,2,904277
KR_5359597494,5,1,928392
KR_5359597494,9,1,929979
KR_5359597494,4,2,940152
KR_5359597494,6,2,942827
KR_5359597494,8,4,943753
KR_5359597494,7,2,974245
KR_5359597494,1,3,989838
KR_5359597494,4,4,1012864
KR_5359597494,3,3,1016993
KR_5359597494,9,3,1041715
KR_5359597494,2,1,1058766
KR_5359597494,8,3,1079441
KR_5359597494,10,1,1088000
KR_5359597494,4,2,1107698
KR_5359597494,3,4,1117642
KR_5359597494,6,2,1119228
KR_5359597494,1,4,1122832
KR_5359597494,5,2,1139482
KR_5359597494,5,4,1178515
KR_5359597494,9,4,1197805
KR_5359597494,4,2,1209466
KR_5359597494,2,3,1218650
KR_5359597494,1,2,1245081
KR_5359597494,8,3,1256877
KR_5359597494,7,3,1272528
KR_5359597494,6,3,1272594
KR_5359597494,10,2,1272792
KR_5359597494,9,3,1273189
KR_5359597494,3,3,1275369
KR_5359597494,2,4,1328898
KR_5359597494,10,4,1355880
KR_5359597494,8,2,1374089
KR_5359597494,7,3,1393534
KR_5359597494,4,3,1393699
KR_5359597494,3,3,1408137
KR_5359597494,6,3,1428196
KR_5359597494,9,3,1497752
KR_5359597494,10,2,1522056
KR_5359597494,7,2,1526683
KR_5359597494,2,3,1526848
KR_5359597494,1,2,1554072
KR_5359597494,8,2,1556123
KR_5359597494,9,3,1572278
KR_5359597494,6,3,1573037
KR_5359597494,3,2,1583742
KR_5359597494,4,3,1598609
KR_5359597494,1,4,1607369
KR_5359597494,5,2,1648144
KR_5359597494,2,3,1648474
KR_5359597494,6,3,1663515
KR_5359597494,10,2,1668908
KR_5359597494,9,2,1675123
KR_5359597494,8,4,1675619
